Yoast SEO,https://ru.wordpress.org/plugins/wordpress-seo/,5.9
"Jetpack предназначен дл€ защиты, резервного копировани€, повышени€ скорости работы и развити€ вашего сайта WordPress",https://ru.wordpress.org/plugins/jetpack/,5.9
" онтактна€ форма WPForms Ч конструктор форм дл€ WordPress, позвол€ющий создавать формы путЄм перетаскивани€ элементов",https://ru.wordpress.org/plugins/wpforms-lite/,5.9
Advanced Editor Tools (ранее TinyMCE Advanced),https://ru.wordpress.org/plugins/tinymce-advanced/,5.7.5
MC4WP: Mailchimp for WordPress,https://ru.wordpress.org/plugins/mailchimp-for-wp/,5.8.3
"Smush Ч Lazy Load Images, Optimize & Compress Images",https://ru.wordpress.org/plugins/wp-smushit/,5.9
Smash Balloon Social Photo Feed,https://ru.wordpress.org/plugins/instagram-feed/,5.9
"Rank Math SEO Ч лучший плагин SEO дл€ WordPress, который увеличит ваш SEO-трафик",https://ru.wordpress.org/plugins/seo-by-rank-math/,5.9
Gutenberg Template and Pattern Library & Redux Framework,https://ru.wordpress.org/plugins/redux-framework/,5.9
Ninja Forms Contact Form Ч The Drag and Drop Form Builder for WordPress,https://ru.wordpress.org/plugins/ninja-forms/,5.8.3
Smart Slider 3,https://ru.wordpress.org/plugins/smart-slider-3/,5.9.0
The Events Calendar,https://ru.wordpress.org/plugins/the-events-calendar/,5.9.0
WordPress ѕлагин дл€ Ўорткодов Ч Shortcodes Ultimate,https://ru.wordpress.org/plugins/shortcodes-ultimate/,5.9
"Slider, Gallery, and Carousel by MetaSlider Ч Responsive WordPress Plugin",https://ru.wordpress.org/plugins/ml-slider/,5.9
WordPress Gallery Plugin Ч NextGEN Gallery,https://ru.wordpress.org/plugins/nextgen-gallery/,5.9
AMP,https://ru.wordpress.org/plugins/amp/,5.9
Page Builder Gutenberg Blocks Ц CoBlocks,https://ru.wordpress.org/plugins/coblocks/,5.9
MailPoet Ч письма и рассылки в WordPress,https://ru.wordpress.org/plugins/mailpoet/,5.8.3
Orbit Fox от ThemeIsle,https://ru.wordpress.org/plugins/themeisle-companion/,5.8.3
Gutenberg Blocks Ц Ultimate Addons for Gutenberg,https://ru.wordpress.org/plugins/ultimate-addons-for-gutenberg/,5.9
"Formidable Form Builder Ч Contact Form, Survey & Quiz Forms Plugin for WordPress",https://ru.wordpress.org/plugins/formidable/,5.9
Complianz Ч GDPR/CCPA Cookie Consent,https://ru.wordpress.org/plugins/complianz-gdpr/,5.9
Photo Gallery by 10Web Ч Mobile-Friendly Image Gallery,https://ru.wordpress.org/plugins/photo-gallery/,5.9
"Popup Builder Ч создает высококонвертируемые, удобные дл€ мобильных устройств маркетинговые всплывающие окна.",https://ru.wordpress.org/plugins/popup-builder/,5.9
"Forminator Ч Contact Form, Payment Form & Custom Form Builder",https://ru.wordpress.org/plugins/forminator/,5.9
"HubSpot Ч CRM, Email Marketing, Live Chat, Forms & Analytics",https://ru.wordpress.org/plugins/leadin/,5.8.3
‘ормы Caldera Ч это больше чем контактные формы.,https://ru.wordpress.org/plugins/caldera-forms/,5.4.9
"Embed Plus Plugin for YouTube, with YouTube Gallery, Channel, Playlist, Live Stream, Facade",https://ru.wordpress.org/plugins/youtube-embed-plus/,5.9
Gutenberg Blocks by Kadence Blocks Ц Page Builder Features,https://ru.wordpress.org/plugins/kadence-blocks/,5.9
WooCommerce Blocks,https://ru.wordpress.org/plugins/woo-gutenberg-products-block/,5.9
"SEOPress, on-site SEO",https://ru.wordpress.org/plugins/wp-seopress/,5.9
Best WordPress Gallery Plugin Ч FooGallery,https://ru.wordpress.org/plugins/foogallery/,5.9
Smash Balloon Social Post Feed,https://ru.wordpress.org/plugins/custom-facebook-feed/,5.9
Fonts Plugin | Google Fonts Typography,https://ru.wordpress.org/plugins/olympus-google-fonts/,5.9
Gallery Plugin for WordPress Ч Envira Photo Gallery,https://ru.wordpress.org/plugins/envira-gallery-lite/,5.9.0
Social Icons Widget & Block by WPZOOM,https://ru.wordpress.org/plugins/social-icons-widget-by-wpzoom/,5.9
Gutenberg Blocks and Template Library by Otter,https://ru.wordpress.org/plugins/otter-blocks/,5.9
Layout Grid Block,https://ru.wordpress.org/plugins/layout-grid/,5.9
Custom Twitter Feeds (Tweets Widget),https://ru.wordpress.org/plugins/custom-twitter-feeds/,5.9
GiveWP Ч Donation Plugin and Fundraising Platform,https://ru.wordpress.org/plugins/give/,5.9
Easy Forms for Mailchimp,https://ru.wordpress.org/plugins/yikes-inc-easy-mailchimp-extender/,5.9
"Hustle Ч Email Marketing, Lead Generation, Optins, Popups",https://ru.wordpress.org/plugins/wordpress-popup/,5.9
Pods Ч Custom Content Types and Fields,https://ru.wordpress.org/plugins/pods/,5.9
Paid Memberships Pro Ч Sell Free or Paid Subscriptions with Stripe & PayPal,https://ru.wordpress.org/plugins/paid-memberships-pro/,5.9
Modern Events Calendar Lite,https://ru.wordpress.org/plugins/modern-events-calendar-lite/,5.9
Form Maker by 10Web Ч Mobile-Friendly Drag & Drop Contact Form Builder,https://ru.wordpress.org/plugins/form-maker/,5.9
LuckyWP Table of Contents,https://ru.wordpress.org/plugins/luckywp-table-of-contents/,5.5.8
Slider by Soliloquy Ч Responsive Image Slider for WordPress,https://ru.wordpress.org/plugins/soliloquy-lite/,5.9.0
 алендарь бронировани€,https://ru.wordpress.org/plugins/booking/,5.9
User Profile Picture,https://ru.wordpress.org/plugins/metronet-profile-picture/,5.8.3
Calculated Fields Form,https://ru.wordpress.org/plugins/calculated-fields-form/,5.9
10WebSocial,https://ru.wordpress.org/plugins/wd-instagram-feed/,5.8.3
Gutentor Ч Gutenberg Blocks Ч Page Builder for Gutenberg Editor,https://ru.wordpress.org/plugins/gutentor/,5.9
ƒублировать запись,https://ru.wordpress.org/plugins/copy-delete-posts/,5.9
"EmbedPress Ц Embed Google Docs, YouTube, Maps, Vimeo, Wistia Videos & Upload PDF, PPT in Gutenberg & Elementor",https://ru.wordpress.org/plugins/embedpress/,5.9
WP Recipe Maker,https://ru.wordpress.org/plugins/wp-recipe-maker/,5.9
"Photo Gallery, Images, Slider in Rbs Image Gallery",https://ru.wordpress.org/plugins/robo-gallery/,5.9
RSS Aggregator by Feedzy Ч Powerful WP Autoblogging and News Aggregator,https://ru.wordpress.org/plugins/feedzy-rss-feeds/,5.8.3
Genesis Blocks,https://ru.wordpress.org/plugins/genesis-blocks/,5.8.3
"Advanced Responsive Video Embedder (Rumble, YouTube, Vimeo, HTML5 Video Е)",https://ru.wordpress.org/plugins/advanced-responsive-video-embedder/,5.9.0
Getwid Ч Gutenberg Blocks,https://ru.wordpress.org/plugins/getwid/,5.8.3
Event Tickets,https://ru.wordpress.org/plugins/event-tickets/,5.9.0
Visualizer: Tables and Charts Manager for WordPress,https://ru.wordpress.org/plugins/visualizer/,5.9
Contact Form to Manage and respond to conversations with customers Ч Happyforms,https://ru.wordpress.org/plugins/happyforms/,5.9
Accept Stripe Payments,https://ru.wordpress.org/plugins/stripe-payments/,5.9
Sliderby10Web,https://ru.wordpress.org/plugins/slider-wd/,5.0.15
Site Reviews,https://ru.wordpress.org/plugins/site-reviews/,5.9
Web Stories,https://ru.wordpress.org/plugins/web-stories/,5.9
"Feeds for YouTube (плагин дл€ видео, канала и галереи YouTube)",https://ru.wordpress.org/plugins/feeds-for-youtube/,5.9
Atomic Blocks Ч Gutenberg Blocks Collection,https://ru.wordpress.org/plugins/atomic-blocks/,5.5.8
Timetable and Event Schedule by MotoPress,https://ru.wordpress.org/plugins/mp-timetable/,5.8.3
Constant Contact Forms,https://ru.wordpress.org/plugins/constant-contact-forms/,5.7.0
Image Photo Gallery Final Tiles Grid,https://ru.wordpress.org/plugins/final-tiles-grid-gallery-lite/,5.9
SyntaxHighlighter Evolved,https://ru.wordpress.org/plugins/syntaxhighlighter/,5.8.3
ћагазин Ёквид,https://ru.wordpress.org/plugins/ecwid-shopping-cart/,5.9
Gutenberg Blocks Ч PublishPress Blocks Gutenberg Editor Plugin,https://ru.wordpress.org/plugins/advanced-gutenberg/,5.9
Uncanny Toolkit for LearnDash,https://ru.wordpress.org/plugins/uncanny-learndash-toolkit/,5.9
Ultimate Blocks Ч плагин блоков дл€ редактора Gutenberg,https://ru.wordpress.org/plugins/ultimate-blocks/,5.8.3
10WebSocial,https://ru.wordpress.org/plugins/wd-facebook-feed/,5.0.15
"WP User Frontend Ч Membership, Profile, Registration & Post Submission Plugin for WordPress",https://ru.wordpress.org/plugins/wp-user-frontend/,5.8.3
Appointment Hour Booking Ч WordPress Booking Plugin,https://ru.wordpress.org/plugins/appointment-hour-booking/,5.9
WP Meta SEO,https://ru.wordpress.org/plugins/wp-meta-seo/,5.8.3
Portfolio Gallery Ч Image Gallery Plugin,https://ru.wordpress.org/plugins/portfolio-filter-gallery/,5.8.3
Yasr Ч Yet Another Stars Rating,https://ru.wordpress.org/plugins/yet-another-stars-rating/,5.9
Pricing Tables WordPress Plugin Ч Easy Pricing Tables,https://ru.wordpress.org/plugins/easy-pricing-tables/,5.9
All-in-One Video Gallery,https://ru.wordpress.org/plugins/all-in-one-video-gallery/,5.9
Contact Form by WD Ч responsive drag & drop contact form builder tool,https://ru.wordpress.org/plugins/contact-form-maker/,5.3.11
Cool Timeline,https://ru.wordpress.org/plugins/cool-timeline/,5.9
Page View Count,https://ru.wordpress.org/plugins/page-views-count/,5.9
Five Star Restaurant Reservations Ч WordPress Booking Plugin,https://ru.wordpress.org/plugins/restaurant-reservations/,5.9
EventCalendar,https://ru.wordpress.org/plugins/event-calendar-wd/,5.5.8
Ѕлок карт дл€ Google Maps,https://ru.wordpress.org/plugins/map-block-gutenberg/,5.9
Contact Form Email,https://ru.wordpress.org/plugins/contact-form-to-email/,5.9
Timeline Express,https://ru.wordpress.org/plugins/timeline-express/,5.5.8
Qubely Ч расширенные блоки Gutenberg,https://ru.wordpress.org/plugins/qubely/,5.9
Better Click To Tweet,https://ru.wordpress.org/plugins/better-click-to-tweet/,5.8.3
"Gallery Blocks with Lightbox. Image Gallery, (HTML5 video , YouTube, Vimeo) Video Gallery and Lightbox for native gallery",https://ru.wordpress.org/plugins/simply-gallery-block/,5.9
"Photonic Gallery & Lightbox for Flickr, SmugMug, Google Photos & Others",https://ru.wordpress.org/plugins/photonic/,5.8.3
PostX Ч Gutenberg Blocks for Post Grid,https://ru.wordpress.org/plugins/ultimate-post/,5.9
Business Directory Plugin | GeoDirectory,https://ru.wordpress.org/plugins/geodirectory/,5.9
"Theme Kit for Twenty Twenty-One & Twenty Twenty (Customization, Gutenberg Blocks, Templates) Ц Twentig",https://ru.wordpress.org/plugins/twentig/,5.9
UsersWP Ч User Registration & User Profile,https://ru.wordpress.org/plugins/userswp/,5.9
GamiPress,https://ru.wordpress.org/plugins/gamipress/,5.9
Countdown Timer Ч Widget Countdown,https://ru.wordpress.org/plugins/widget-countdown/,5.9
Quiz Maker,https://ru.wordpress.org/plugins/quiz-maker/,5.9
Embed PDF Viewer,https://ru.wordpress.org/plugins/embed-pdf-viewer/,5.8.3
Five Star Business Profile and Schema,https://ru.wordpress.org/plugins/business-profile/,5.9
"ѕортфолио Gallery, Product Catalog Ч Grid KIT ѕортфолио",https://ru.wordpress.org/plugins/portfolio-wp/,5.8.3
Snow Monkey Editor,https://ru.wordpress.org/plugins/snow-monkey-editor/,5.9
LIQUID SPEECH BALLOON,https://ru.wordpress.org/plugins/liquid-speech-balloon/,5.8.3
Events Shortcodes For The Events Calendar,https://ru.wordpress.org/plugins/template-events-calendar/,5.8.3
Opt-Out for Google Analytics,https://ru.wordpress.org/plugins/google-analytics-opt-out/,5.5.8
eCommerce Product Catalog Plugin for WordPress,https://ru.wordpress.org/plugins/ecommerce-product-catalog/,5.9
WordPress Slider Block Gutenslider,https://ru.wordpress.org/plugins/gutenslider/,5.9
"Countdown, Coming Soon, Maintenance Ч Countdown & Clock",https://ru.wordpress.org/plugins/countdown-builder/,5.9
Elementor Blocks for Gutenberg,https://ru.wordpress.org/plugins/block-builder/,5.9
WP VR Ч 360 Panorama and Virtual Tour Builder For WordPress,https://ru.wordpress.org/plugins/wpvr/,5.9
Hotel Booking Lite,https://ru.wordpress.org/plugins/motopress-hotel-booking-lite/,5.9
WP User Manager Ч User Profile Builder & Membership,https://ru.wordpress.org/plugins/wp-user-manager/,5.9
Connections Business Directory,https://ru.wordpress.org/plugins/connections/,5.9
Highlighting Code Block,https://ru.wordpress.org/plugins/highlighting-code-block/,5.9
Visual Link Preview,https://ru.wordpress.org/plugins/visual-link-preview/,5.9
Recipe Card Blocks for Gutenberg & Elementor,https://ru.wordpress.org/plugins/recipe-card-blocks-by-wpzoom/,5.9
Five Star Restaurant Menu Ч WordPress Food Ordering Plugin,https://ru.wordpress.org/plugins/food-and-drink-menu/,5.9
Gutenberg Blocks Collection Ч qodeblock,https://ru.wordpress.org/plugins/qodeblock/,5.7.0
Bootstrap Blocks,https://ru.wordpress.org/plugins/wp-bootstrap-blocks/,5.9
Podcast Player Ч Your Podcasting Companion,https://ru.wordpress.org/plugins/podcast-player/,5.9
Directorist Ч WordPress Business Directory Plugin with Classified Ads Listings,https://ru.wordpress.org/plugins/directorist/,5.9
Author Avatars List/Block,https://ru.wordpress.org/plugins/author-avatars/,5.7.0
Helpie FAQ Ч WordPress FAQ Accordion Plugin,https://ru.wordpress.org/plugins/helpie-faq/,5.8.3
Google Maps CP,https://ru.wordpress.org/plugins/codepeople-post-map/,5.9
JSON Content Importer,https://ru.wordpress.org/plugins/json-content-importer/,5.9
Algori PDF Viewer,https://ru.wordpress.org/plugins/algori-pdf-viewer/,5.8.3
Page Builder Gutenberg Blocks Ц Kioken Blocks,https://ru.wordpress.org/plugins/kioken-blocks/,5.5.8
"ProfileGrid Ц User Profiles, Memberships, Groups and Communities",https://ru.wordpress.org/plugins/profilegrid-user-profiles-groups-and-communities/,5.9
Create by Mediavine,https://ru.wordpress.org/plugins/mediavine-create/,5.7.5
Reusable Blocks Extended,https://ru.wordpress.org/plugins/reusable-blocks-extended/,5.9
iPanorama 360  WordPress Virtual Tour Builder,https://ru.wordpress.org/plugins/ipanorama-360-virtual-tour-builder-lite/,5.9
Blog Filter Ч Post Filters Post Portfolio Gallery,https://ru.wordpress.org/plugins/blog-filter/,5.9
Drop Shadow Boxes,https://ru.wordpress.org/plugins/drop-shadow-boxes/,5.8.3
Meow Gallery (+ Gallery Block),https://ru.wordpress.org/plugins/meow-gallery/,5.8.3
Forms for Mailchimp by Optin Cat Ч Grow Your MailChimp List,https://ru.wordpress.org/plugins/mailchimp-wp/,5.9
Powerful Gutenberg Blocks and Templates Ч Ghost Kit,https://ru.wordpress.org/plugins/ghostkit/,5.9
Product Blocks for WooCommerce,https://ru.wordpress.org/plugins/product-blocks-for-woocommerce/,5.8.3
Multisite Language Switcher,https://ru.wordpress.org/plugins/multisite-language-switcher/,5.8.3
"YouTube Embed, Playlist and Popup by WpDevArt",https://ru.wordpress.org/plugins/youtube-video-player/,5.9
Shopping Cart & eCommerce Store,https://ru.wordpress.org/plugins/wp-easycart/,5.9
GutenBee Ч Gutenberg Blocks,https://ru.wordpress.org/plugins/gutenbee/,5.9
Browser Screenshots,https://ru.wordpress.org/plugins/browser-shots/,5.9
"HivePress Ч ”ниверсальный WordPress плагин дл€ каталогов, агрегаторов и классифайдов",https://ru.wordpress.org/plugins/hivepress/,5.9
WP Map Block Ч Gutenberg Map Block for Google Map and OpenStreet Map,https://ru.wordpress.org/plugins/wp-map-block/,5.9
Simple Iframe,https://ru.wordpress.org/plugins/simple-iframe/,5.8.3
Social Media Icons Ч Social Icons Widget,https://ru.wordpress.org/plugins/new-social-media-widget/,5.9
Easy Image Collage,https://ru.wordpress.org/plugins/easy-image-collage/,5.9
Unsplash,https://ru.wordpress.org/plugins/unsplash/,5.5.8
Quiz Cat Ч WordPress Quiz Plugin,https://ru.wordpress.org/plugins/quiz-cat/,5.9
Image Gallery Ч Lightbox Gallery Responsive Gallery Masonry Gallery,https://ru.wordpress.org/plugins/new-image-gallery/,5.9
Superb Gutenberg Blocks,https://ru.wordpress.org/plugins/superb-blocks/,5.9
Carousel Slider Block for Gutenberg,https://ru.wordpress.org/plugins/carousel-block/,5.9
"Contact Form Builder, Contact Widget",https://ru.wordpress.org/plugins/contact-forms-builder/,5.9
If-So Dynamic Content Personalization,https://ru.wordpress.org/plugins/if-so/,5.9
"POWR Ч Contact Form, Social Feed, Pop Up, Countdown Timer + More",https://ru.wordpress.org/plugins/powr-pack/,5.8.3
CP Media Player Ч Audio Player and Video Player,https://ru.wordpress.org/plugins/audio-and-video-player/,5.9
"Print My Blog Ч Print, PDF, & eBook Converter WordPress Plugin",https://ru.wordpress.org/plugins/print-my-blog/,5.9
Organic Profile Block,https://ru.wordpress.org/plugins/organic-profile-block/,5.7.5
Essential Blocks for Gutenberg,https://ru.wordpress.org/plugins/essential-blocks/,5.9
"Pricing Table Ч Price list, Price Table, Easy Pricing Table",https://ru.wordpress.org/plugins/abc-pricing-table/,5.9
WordPress Newsletter Plugin Ч Noptin,https://ru.wordpress.org/plugins/newsletter-optin-box/,5.8.3
WordPress Payments Plugin | GetPaid,https://ru.wordpress.org/plugins/invoicing/,5.9
WordPress Email Marketing Plugin Ч WP Email Capture,https://ru.wordpress.org/plugins/wp-email-capture/,5.6.7
YITH Slider for page builders,https://ru.wordpress.org/plugins/yith-slider-for-page-builders/,5.8.3
"Slider Hero with Animation, Video Background & Intro Maker",https://ru.wordpress.org/plugins/slider-hero/,5.9
WordPress Tag Cloud Plugin Ч Tag Groups,https://ru.wordpress.org/plugins/tag-groups/,5.9.0
Appointment Booking Calendar,https://ru.wordpress.org/plugins/appointment-booking-calendar/,5.9
Automatic YouTube Gallery,https://ru.wordpress.org/plugins/automatic-youtube-gallery/,5.8.3
Album Gallery Ч WordPress Gallery,https://ru.wordpress.org/plugins/new-album-gallery/,5.9
Caxton Ч Create Pro page layouts in Gutenberg,https://ru.wordpress.org/plugins/caxton/,5.9.0
Image Hover Effects Block,https://ru.wordpress.org/plugins/image-hover-effects-block/,5.7.5
Slider Ч Image Video Link Carousal Slideshow,https://ru.wordpress.org/plugins/media-slider/,5.9
Algori 360 Image,https://ru.wordpress.org/plugins/360-image/,5.8.3
WP Fusion Lite Ч Marketing Automation for WordPress,https://ru.wordpress.org/plugins/wp-fusion-lite/,5.8.3
Modal Popup Box Ч Popup Builder,https://ru.wordpress.org/plugins/modal-popup-box/,5.9
Custom Related Posts,https://ru.wordpress.org/plugins/custom-related-posts/,5.9
Grids: Layout builder for WordPress,https://ru.wordpress.org/plugins/grids/,5.9
Premium Blocks for Gutenberg,https://ru.wordpress.org/plugins/premium-blocks-for-gutenberg/,5.9
CodeMirror Blocks,https://ru.wordpress.org/plugins/wp-codemirror-block/,5.8.3
Heroic Glossary,https://ru.wordpress.org/plugins/heroic-glossary/,5.8.3
Di Blocks Ч Awesome WordPress Blocks for Gutenberg Editor,https://ru.wordpress.org/plugins/di-blocks/,5.6.7
Poll Maker,https://ru.wordpress.org/plugins/poll-maker/,5.9
CP Contact Form with PayPal,https://ru.wordpress.org/plugins/cp-contact-form-with-paypal/,5.9
"Slider Responsive Slideshow Ч Image slider, Gallery slideshow",https://ru.wordpress.org/plugins/slider-responsive-slideshow/,5.9
KaTeX,https://ru.wordpress.org/plugins/katex/,5.8.3
Zedity Ч The Layout-Free Content Editor,https://ru.wordpress.org/plugins/zedity/,5.9
Animated Live Wall Ч Social Feed Ч Gallery,https://ru.wordpress.org/plugins/animated-live-wall/,5.9
Algori Video and Image Slider,https://ru.wordpress.org/plugins/algori-image-video-slider/,5.8.3
Stripe Payment Form Plugin for WordPress Ч WPPayForm,https://ru.wordpress.org/plugins/wp-payment-form/,5.8.3
Elegant Blocks Ч Amazing Gutenberg Blocks,https://ru.wordpress.org/plugins/elegant-blocks/,5.3.11
"WordPress CRM, Email & Marketing Automation for WordPress | Award Winner Ч Groundhogg",https://ru.wordpress.org/plugins/groundhogg/,5.8.3
Gutenberg Block for WooCommerce Product Table,https://ru.wordpress.org/plugins/block-for-woo-product-table/,5.9
Booking Calendar Ч Appointment booking for WordPress,https://ru.wordpress.org/plugins/calendar-booking/,5.9.0
WP Smart Editor,https://ru.wordpress.org/plugins/wp-smart-editor/,4.9.19
Music Player for WooCommerce,https://ru.wordpress.org/plugins/music-player-for-woocommerce/,5.9
"Video Gallery Ч YouTube and Vimeo, Link Gallery",https://ru.wordpress.org/plugins/new-video-gallery/,5.9
Gosign Ч Background Container Block,https://ru.wordpress.org/plugins/gosign-background-container/,5.8.3
Gosign Ч Contact Person Box Block,https://ru.wordpress.org/plugins/gosign-contact-person-box-block/,5.8.3
WP-Strava,https://ru.wordpress.org/plugins/wp-strava/,5.8.3
Enhanced AJAX Add to Cart for WooCommerce,https://ru.wordpress.org/plugins/enhanced-ajax-add-to-cart-for-woocommerce/,5.7.5
Builder Template Categories Ч for WordPress Page Builders,https://ru.wordpress.org/plugins/builder-template-categories/,5.3.11
Creative Blocks Ч Ultimate Blocks for Gutenberg,https://ru.wordpress.org/plugins/creative-blocks/,5.4.9
Editor Blocks for Gutenberg,https://ru.wordpress.org/plugins/editor-blocks/,5.5.8
"Testimonial Ч Customer Feedback, client testimonial, Review",https://ru.wordpress.org/plugins/testimonial-maker/,5.9
Countdown Block,https://ru.wordpress.org/plugins/countdown-block/,5.9
Gutenberg Blocks Templates Ч 50+ Free Gutenberg Block Designs,https://ru.wordpress.org/plugins/design/,5.1.12
"MihanPanel Ч Registration, Login & User Panel",https://ru.wordpress.org/plugins/mihanpanel-lite/,5.8.3
WP eBay Product Feeds,https://ru.wordpress.org/plugins/ebay-feeds-for-wordpress/,5.7.5
"Image Optimizer, Resizer and CDN Ч Sirv",https://ru.wordpress.org/plugins/sirv/,5.9
Anchor Block,https://ru.wordpress.org/plugins/anchor-block/,5.9
Sticky Block for Gutenberg Editor,https://ru.wordpress.org/plugins/sticky-block/,5.9
Conditional Blocks Ч Visibility control for any Gutenberg block,https://ru.wordpress.org/plugins/conditional-blocks/,5.9
Avatar Privacy,https://ru.wordpress.org/plugins/avatar-privacy/,5.8.3
Gosign Ч Text with Image Block,https://ru.wordpress.org/plugins/gosign-text-with-image-block/,5.8.3
Paypal Donation Block,https://ru.wordpress.org/plugins/donations-block/,5.8.3
Advanced Bootstrap Blocks,https://ru.wordpress.org/plugins/advanced-bootstrap-blocks/,5.8.3
Gosign Ч Masonry Post Block,https://ru.wordpress.org/plugins/gosign-masonry-post-block/,5.8.3
Survey Maker,https://ru.wordpress.org/plugins/survey-maker/,5.9
Animated Blocks on Scroll,https://ru.wordpress.org/plugins/animated-blocks/,5.9
BigCommerce For WordPress,https://ru.wordpress.org/plugins/bigcommerce/,5.8.3
Countdown Block,https://ru.wordpress.org/plugins/wp-countdown-block/,5.8.0
MAZ Loader Ц Preloader Builder for WordPress,https://ru.wordpress.org/plugins/maz-loader/,5.9
WS Form LITE Ч Drag & Drop Contact Form Builder for WordPress,https://ru.wordpress.org/plugins/ws-form/,5.9
Infobox,https://ru.wordpress.org/plugins/infobox/,5.9
WP Time Slots Booking Form,https://ru.wordpress.org/plugins/wp-time-slots-booking-form/,5.9
Syntax-highlighting Code Block (with Server-side Rendering),https://ru.wordpress.org/plugins/syntax-highlighting-code-block/,5.9
Email Marketing by EmailOctopus,https://ru.wordpress.org/plugins/emailoctopus/,5.6.7
Product Slider Block for WooCommerce,https://ru.wordpress.org/plugins/woo-product-slider-block/,5.2.14
Form Builder CP,https://ru.wordpress.org/plugins/cp-easy-form-builder/,5.9
Gosign Ч Gallery box Block,https://ru.wordpress.org/plugins/gosign-gallery-box-block/,5.8.3
Event Management Tickets Booking By Event Monster,https://ru.wordpress.org/plugins/event-monster/,5.9
Magical Blocks Ц Premium Gutenberg Blocks,https://ru.wordpress.org/plugins/magical-blocks/,5.8.3
Sponsors Carousel,https://ru.wordpress.org/plugins/sponsors-carousel/,5.0.15
Booking Calendar Contact Form,https://ru.wordpress.org/plugins/booking-calendar-contact-form/,5.9
TWST Login Block,https://ru.wordpress.org/plugins/twst-login-block/,5.5.8
Aino Blocks,https://ru.wordpress.org/plugins/aino-blocks/,5.9
Algori Social Share Buttons,https://ru.wordpress.org/plugins/social-share-buttons-lite/,5.8.3
Responsive Gutenberg Blocks Library,https://ru.wordpress.org/plugins/responsive-block-editor-addons/,5.9
Social Media Feed,https://ru.wordpress.org/plugins/wp-instagram-feed-awplife/,5.5.8
Content Slider Block Ч Gutenberg Content Slider Block,https://ru.wordpress.org/plugins/content-slider-block/,5.9
OtFm Gutenberg Spoiler Ч (or FAQ) collapse block,https://ru.wordpress.org/plugins/otfm-gutenberg-spoiler/,5.8.3
Kona Gallery Block,https://ru.wordpress.org/plugins/kona-instagram-feed-for-gutenberg/,5.4.9
Lorem Ipsum Block Ч Placeholders for everyone,https://ru.wordpress.org/plugins/lorem-ipsum-block/,5.4.0
Gosign Ч Posts Slider Block,https://ru.wordpress.org/plugins/gosign-posts-slider-block/,5.8.3
Music Store Ч WordPress eCommerce,https://ru.wordpress.org/plugins/music-store/,5.9
Blocks for Eventbrite,https://ru.wordpress.org/plugins/blocks-for-eventbrite/,5.7.5
Simple Code Block,https://ru.wordpress.org/plugins/simple-code-block/,5.3.11
Mighty Pros & Cons,https://ru.wordpress.org/plugins/mighty-pros-cons/,5.3.11
"WE Blocks Ч Image, Testimonial And Logo	Slider Gutenberg Blocks",https://ru.wordpress.org/plugins/we-blocks/,5.8.3
Responsive iframe,https://ru.wordpress.org/plugins/responsive-iframe/,5.8.3
GamiPress Ч Youtube integration,https://ru.wordpress.org/plugins/gamipress-youtube-integration/,5.9
MathML Block,https://ru.wordpress.org/plugins/mathml-block/,5.8.3
"Poll, Survey, Questionnaire and Voting system",https://ru.wordpress.org/plugins/polls-widget/,5.9
Timeline Blocks for Gutenberg,https://ru.wordpress.org/plugins/timeline-blocks/,5.7.5
Elfsight Blocks,https://ru.wordpress.org/plugins/elfsight-blocks/,5.3.11
Algori 360 Video,https://ru.wordpress.org/plugins/360-video/,5.8.3
WPZOOM Portfolio,https://ru.wordpress.org/plugins/wpzoom-portfolio/,5.9
elink Ч Embed Content,https://ru.wordpress.org/plugins/elink-embed-content/,5.5.8
FAQ Block For Gutenberg,https://ru.wordpress.org/plugins/faq-block-for-gutenberg/,5.9
Call To Action Customizable Block,https://ru.wordpress.org/plugins/call-to-action-customizable-block/,5.3.11
A no-code page builder for beautiful performance-based content,https://ru.wordpress.org/plugins/setka-editor/,5.9
Easy Maps Block,https://ru.wordpress.org/plugins/easy-maps-block/,5.9
Toolbelt,https://ru.wordpress.org/plugins/wp-toolbelt/,6.0
RSVPMaker,https://ru.wordpress.org/plugins/rsvpmaker/,5.9
Slides & Presentations,https://ru.wordpress.org/plugins/slide/,5.3.11
Gutenberg Blocks Ч ACF Blocks Suite,https://ru.wordpress.org/plugins/acf-blocks/,5.8.3
Insert Giphy Block,https://ru.wordpress.org/plugins/insert-giphy-block/,5.3.11
WP Munich Blocks Ч Gutenberg Blocks for WordPress,https://ru.wordpress.org/plugins/wp-munich-blocks/,5.6.7
Post Layouts for Gutenberg,https://ru.wordpress.org/plugins/post-layouts/,5.9
Easy Digital Downloads Ч Blocks,https://ru.wordpress.org/plugins/edd-blocks/,5.4.9
Animate Blocks,https://ru.wordpress.org/plugins/animate-blocks/,5.1.12
myCred Ч Gutenberg Blocks,https://ru.wordpress.org/plugins/mycred-blocks/,5.8.3
GamiPress Ч Vimeo integration,https://ru.wordpress.org/plugins/gamipress-vimeo-integration/,5.9
Photo Gallery by Ays Ч Responsive Image Gallery,https://ru.wordpress.org/plugins/gallery-photo-gallery/,5.9
"Countdown and CountUp, WooCommerce Sales Timer",https://ru.wordpress.org/plugins/countdown-wpdevart-extended/,5.9
New Posts Block,https://ru.wordpress.org/plugins/new-posts-block/,5.4.9
MyTicket Events,https://ru.wordpress.org/plugins/myticket-events/,5.8.3
WordPress Post Grid Layouts with Pagination Ч Sogrid,https://ru.wordpress.org/plugins/sogrid/,5.7.5
Magic Block,https://ru.wordpress.org/plugins/magic-block/,5.7.5
Simple Definition List Blocks,https://ru.wordpress.org/plugins/simple-definition-list-blocks/,5.8.3
FAQ Block,https://ru.wordpress.org/plugins/faq-block/,5.8.3
Sell Downloads,https://ru.wordpress.org/plugins/sell-downloads/,5.9
List Last Changes,https://ru.wordpress.org/plugins/list-last-changes/,5.8.3
Enhanced Blocks Ч Page Builder Blocks for Gutenberg,https://ru.wordpress.org/plugins/enhanced-blocks/,5.2.14
p5.js Block,https://ru.wordpress.org/plugins/wp-p5js-block/,5.3.11
Deligent Ч Variable Column Blocks,https://ru.wordpress.org/plugins/deligent-variable-block-width/,5.1.12
Image Gallery Block,https://ru.wordpress.org/plugins/image-gallery-block/,5.9
Custom Call To Action block Plugin,https://ru.wordpress.org/plugins/custom-call-to-action-block/,5.7.5
Ѕлок-редактор дл€ ManyChat,https://ru.wordpress.org/plugins/block-editor-for-manychat/,5.5.8
MetaTrader Web Terminal,https://ru.wordpress.org/plugins/metatrader-web-terminal/,5.8.3
Gosign Ч ReadMore Toggle Text Block,https://ru.wordpress.org/plugins/gosign-readmore-toggle-text-block/,5.8.3
Nelio Compare Images,https://ru.wordpress.org/plugins/nelio-compare-images/,5.2.14
SV Block for Twitch,https://ru.wordpress.org/plugins/sv-twitch/,5.8.3
Animation Block,https://ru.wordpress.org/plugins/animation-block/,5.2.14
Simple Cookie Control,https://ru.wordpress.org/plugins/simple-cookie-control/,5.3.11
Gosign Ч Advanced Separator Block,https://ru.wordpress.org/plugins/gosign-advanced-separator-block/,5.8.3
Event Block,https://ru.wordpress.org/plugins/event/,5.6.7
Polls CP,https://ru.wordpress.org/plugins/cp-polls/,5.9
Gutenberg Blocks and Page Layouts Ч Attire Blocks,https://ru.wordpress.org/plugins/attire-blocks/,5.9
Easy restaurant menu upload,https://ru.wordpress.org/plugins/easy-pdf-restaurant-menu-upload/,5.9
Call to Action Block Ч WPPOOL,https://ru.wordpress.org/plugins/call-to-action-block-wppool/,5.8.3
Easy to use Drag and Drop Form Builder Ч Pop-Up Forms Ч Workflow Management,https://ru.wordpress.org/plugins/abcsubmit/,5.7.5
A/B Testing for WordPress,https://ru.wordpress.org/plugins/ab-testing-for-wp/,5.4.9
HayyaBuild Ч The Most Advanced Gutenberg Blocks,https://ru.wordpress.org/plugins/hayyabuild/,5.9
Countdown Timer for WordPress Block Editor,https://ru.wordpress.org/plugins/countdown-timer-block/,5.8.3
Simple Alert Blocks,https://ru.wordpress.org/plugins/simple-alert-blocks/,5.6.7
Melonpan Block Ч Container,https://ru.wordpress.org/plugins/melonpan-block-container/,5.3.11
Schedule Content Block,https://ru.wordpress.org/plugins/schedule-content-block/,5.8.3
Hot Blocks,https://ru.wordpress.org/plugins/hot-blocks/,5.9
Bokez Ч WordPress 5 Blocks,https://ru.wordpress.org/plugins/bokez-awesome-gutenberg-blocks/,5.3.0
FAQ Builder AYS,https://ru.wordpress.org/plugins/faq-builder-ays/,5.9
Cosmic Blocks (40+) Content Editor Blocks Collection,https://ru.wordpress.org/plugins/cosmic-blocks/,5.9
Guteblock Ч Ultimate Gutenberg Blocks Plugin,https://ru.wordpress.org/plugins/guteblock/,5.4.9
Tumbili: Mailchimp Signup for Gutenberg,https://ru.wordpress.org/plugins/tumbili-mailchimp-feed-for-gutenberg/,5.4.9
Multipurpose Gutenberg Block,https://ru.wordpress.org/plugins/multipurpose-block/,5.8.3
Details Summary Block,https://ru.wordpress.org/plugins/details-summary-block/,5.4.9
Gosign Ч Simple Teaser Block,https://ru.wordpress.org/plugins/gosign-simple-teaser-block/,5.8.3
Advanced Posts Blocks,https://ru.wordpress.org/plugins/advanced-posts-blocks/,5.8.3
Card Block,https://ru.wordpress.org/plugins/card-block/,5.2.14
Recent Posts block,https://ru.wordpress.org/plugins/recent-posts-block/,5.4.9
NHS Blocks,https://ru.wordpress.org/plugins/nhsblocks/,5.7.5
LSX Blocks,https://ru.wordpress.org/plugins/lsx-blocks/,5.8.3
Gosign Ч Accordion Slider Block,https://ru.wordpress.org/plugins/gosign-accordion-slider-block/,5.8.3
Image Slider Blocks,https://ru.wordpress.org/plugins/image-slider-block/,5.6.7
Listicles by LezWatch.TV,https://ru.wordpress.org/plugins/listicles/,5.8.3
Child Pages Block,https://ru.wordpress.org/plugins/get-subpages-list/,5.5.8
Shortcode Preview Block,https://ru.wordpress.org/plugins/shortcode-with-preview-block/,5.5.8
Block-a-saurus,https://ru.wordpress.org/plugins/block-a-saurus/,5.5.8
Kenzap Timeline,https://ru.wordpress.org/plugins/kenzap-timeline/,5.5.8
Gosign Ч Google Maps Block,https://ru.wordpress.org/plugins/gosign-google-maps-block/,5.8.3
WPSeed Container Block,https://ru.wordpress.org/plugins/wpseed-container-block/,5.1.0
WPlyr Media Block,https://ru.wordpress.org/plugins/wplyr-media-block/,5.7.5
Gosign Ч Grid Container Block,https://ru.wordpress.org/plugins/gosign-grid-container-block/,5.8.3
Gosign Ч Header Image Block,https://ru.wordpress.org/plugins/gosign-header-image-block/,5.8.3
K2 Blocks,https://ru.wordpress.org/plugins/k2-blocks/,5.5.8
Illustrations Block Ч 300+ Customizable SVG Images,https://ru.wordpress.org/plugins/illustrations/,5.3.11
Block Context,https://ru.wordpress.org/plugins/block-context/,5.7.5
Profile Card Block,https://ru.wordpress.org/plugins/block-profile-card/,5.0.15
Charts Blocks for Gutenberg,https://ru.wordpress.org/plugins/charts-blocks/,5.7.5
My Marginalia,https://ru.wordpress.org/plugins/my-marginalia/,5.5.8
GutenGeek Free Gutenberg Blocks for WordPress,https://ru.wordpress.org/plugins/gtg-advanced-blocks/,5.5.8
ACE HTML Block,https://ru.wordpress.org/plugins/ace-html-block/,5.1.12
Simple Shortcode Block,https://ru.wordpress.org/plugins/simple-shortcode-block/,5.3.11
Ultimate Bootstrap Blocks,https://ru.wordpress.org/plugins/ultimate-bootstrap-blocks/,5.6.7
Advanced Blocks Ч WordPress Page Building Blocks,https://ru.wordpress.org/plugins/advanced-blocks/,5.5.8
Interactive Promo,https://ru.wordpress.org/plugins/interactive-promo/,5.9
Gosign Ч Notification And Alert Block,https://ru.wordpress.org/plugins/gosign-notification-and-alert-block/,5.8.3
Gosign Ч Button Block,https://ru.wordpress.org/plugins/gosign-buttonblock/,5.8.3
"ShopConstruct Ч Product Catalog, Shopping Cart and eCommerce solution for Store",https://ru.wordpress.org/plugins/shopconstruct/,5.2.14
ProHotspots Lite Ч Image Gallery Hotspots,https://ru.wordpress.org/plugins/prohotpoints-gallery/,5.1.12
Payment Form for PayPal Pro,https://ru.wordpress.org/plugins/payment-form-for-paypal-pro/,5.5.8
Blocks for Products,https://ru.wordpress.org/plugins/blocks-for-products/,5.5.8
Kenzap Steps,https://ru.wordpress.org/plugins/kenzap-steps/,5.1.12
Designer Blocks for Block Editor by Weaver,https://ru.wordpress.org/plugins/blocks-by-weaver/,5.0.15
Gosign Ч Vimeo Video Player Block,https://ru.wordpress.org/plugins/gosign-vimeo-video-player-block/,5.8.3
Blocks Kit Ч Gutenberg Blocks for Freelancers,https://ru.wordpress.org/plugins/blocks-kit/,5.9
Notice Block,https://ru.wordpress.org/plugins/notice-block/,5.9
WP Blocks Hub,https://ru.wordpress.org/plugins/wp-blocks-hub/,5.3.0
Gosign Ч Promo Box Block,https://ru.wordpress.org/plugins/gosign-promo-box-block/,5.8.3
Block Collection for You Ц WP Block Pack,https://ru.wordpress.org/plugins/wp-block-pack/,5.5.8
Easy Post Embed Code,https://ru.wordpress.org/plugins/easy-post-embed-code/,5.0.15
ImportDoc Block,https://ru.wordpress.org/plugins/importdoc-block/,5.2.14
Beauty Box,https://ru.wordpress.org/plugins/beauty-box-block/,5.3.11
Wicked Block Conditions,https://ru.wordpress.org/plugins/wicked-block-conditions/,5.7.5
Mortgage Calculator,https://ru.wordpress.org/plugins/mortgage/,5.8.3
Rad Bootstrap 3 Blocks,https://ru.wordpress.org/plugins/rad-bootstrap-3-blocks/,5.0.15
Waves Block,https://ru.wordpress.org/plugins/waves/,5.6.7
Kenzap Features,https://ru.wordpress.org/plugins/kenzap-features/,5.5.8
Testimonials Block,https://ru.wordpress.org/plugins/testimonials-block/,5.0.15
Max width container,https://ru.wordpress.org/plugins/maximum-width-container/,5.2.14
Kenzap Pricing,https://ru.wordpress.org/plugins/kenzap-pricing/,5.5.8
Kenzap Stats,https://ru.wordpress.org/plugins/kenzap-stats/,5.5.8
Pinblocks Ч Ѕлоки дл€ редактора √утенберг с виджетами Pinterest,https://ru.wordpress.org/plugins/pinblocks/,5.1.12
Kenzap Blog,https://ru.wordpress.org/plugins/kenzap-blog/,5.5.8
Testimonial Gutenberg Block,https://ru.wordpress.org/plugins/testimonial-block/,5.2.14
Gecko Blocks,https://ru.wordpress.org/plugins/gecko-blocks/,5.4.9
Custom Accordion Block,https://ru.wordpress.org/plugins/custom-accordion-block/,5.7.5
Video Block with Ads,https://ru.wordpress.org/plugins/video-block-with-ads/,5.1.12
Starscape Block,https://ru.wordpress.org/plugins/starscape/,5.6.7
Turbocharged Testimonial Block,https://ru.wordpress.org/plugins/turbocharged-testimonial-block/,5.5.8
Gosign Ч Post Teaser Block,https://ru.wordpress.org/plugins/gosign-post-teaser-block/,5.8.3
WYSIWYG Calculator Block,https://ru.wordpress.org/plugins/wysiwyg-calculator-block/,5.4.9
Hero Banner Slider,https://ru.wordpress.org/plugins/hero-banner-slider/,5.3.11
Guten-bubble,https://ru.wordpress.org/plugins/guten-bubble/,5.0.15
Player with Playlist Block for WordPress Editor,https://ru.wordpress.org/plugins/video-playlist-lite/,5.1.12
BlockyPage Ч Gutenberg Based Page Builder,https://ru.wordpress.org/plugins/blockypage/,5.5.8
Clapback,https://ru.wordpress.org/plugins/clapback/,5.5.8
Lyrics,https://ru.wordpress.org/plugins/lyrics-block/,5.1.12
Dispensary Blocks,https://ru.wordpress.org/plugins/dispensary-blocks/,5.2.14
Nelio Maps,https://ru.wordpress.org/plugins/nelio-maps/,5.1.12
Buttons for Gutenberg,https://ru.wordpress.org/plugins/fd-buttons-gutenberg/,5.8.3
QuestionPro Surveys,https://ru.wordpress.org/plugins/questionpro-surveys/,5.2.14
DynaMaker CAD Configurator Integration,https://ru.wordpress.org/plugins/dynamaker-cad-configurator-integration/,5.8.3
startpage,https://ru.wordpress.org/plugins/startpage/,5.1.12
Info Blocks for WooCommerce,https://ru.wordpress.org/plugins/info-blocks-for-woocommerce/,5.8.3
Double Image for Gutenberg,https://ru.wordpress.org/plugins/double-image/,5.0.15
Qroko Blocks,https://ru.wordpress.org/plugins/qroko-blocks/,5.7.5
WordPress HelpDesk & Support Ticket System Plugin Ч Octrace Support,https://ru.wordpress.org/plugins/octrace-support/,5.7.5
Melonpan Block Ч Code,https://ru.wordpress.org/plugins/melonpan-block-code/,5.6.7
Schedule Revisions,https://ru.wordpress.org/plugins/schedule-revisions/,5.4.9
Woocommerce Blocks Ч Woolook,https://ru.wordpress.org/plugins/woolook/,5.2.14
The Permalinks Cascade,https://ru.wordpress.org/plugins/the-permalinks-cascade/,5.9
Pricing Tables Block,https://ru.wordpress.org/plugins/pricing-tables-block/,5.1.12
WordPress Essential Blocks,https://ru.wordpress.org/plugins/wp-essential-blocks/,5.0.15
Custom Blocks Templates,https://ru.wordpress.org/plugins/custom-blocks-templates/,5.9
Booking System Calendar,https://ru.wordpress.org/plugins/kenzap-calendar/,5.8.3
Marcus Hiles Wistia Shortcodes,https://ru.wordpress.org/plugins/marcus-hiles-wistia-shortcodes/,5.0.15
Alert Box Ч Alert Box Block For Block Editor.,https://ru.wordpress.org/plugins/alert-box-block/,5.9
RSVPMaker for Toastmasters,https://ru.wordpress.org/plugins/rsvpmaker-for-toastmasters/,5.9
Info Blocks,https://ru.wordpress.org/plugins/info-blocks/,5.0.15
Social Media Block,https://ru.wordpress.org/plugins/social-media-block/,5.0.15
Gecko Grid Layout,https://ru.wordpress.org/plugins/gecko-grid-layout/,5.1.12
Video Popup Block,https://ru.wordpress.org/plugins/video-popup-block/,5.1.12
Posts List Block,https://ru.wordpress.org/plugins/posts-list-block/,5.2.14
OtFm Countdown to New Year block,https://ru.wordpress.org/plugins/otfm-countdown-to-new-year-block/,5.5.8
Average Travel Costs,https://ru.wordpress.org/plugins/average-travel-costs/,5.6.7
Power Blocks Ч Powerful and Feature Rich Blocks for Gutenberg,https://ru.wordpress.org/plugins/power-blocks/,5.4.9
Chatterbox,https://ru.wordpress.org/plugins/chatterbox/,5.3.11
Simple Block Gallery,https://ru.wordpress.org/plugins/simple-block-gallery/,5.8.3
China Video Block,https://ru.wordpress.org/plugins/china-video-block/,5.8.0
WP Google Places Reviews,https://ru.wordpress.org/plugins/wp-google-places-reviews/,5.3.0
Syntax Highlighting Ч Honey Code,https://ru.wordpress.org/plugins/honey-code/,5.2.14
Blockbuddy,https://ru.wordpress.org/plugins/blockbuddy/,5.1.0
Easy Blocks pro,https://ru.wordpress.org/plugins/easy-blocks-pro/,5.8.3
Heading Block Font Color,https://ru.wordpress.org/plugins/heading-block-font-color/,5.0.15
Gecko Section,https://ru.wordpress.org/plugins/gecko-section/,5.0.15
"Blocks for Documents, Articles and FAQs",https://ru.wordpress.org/plugins/blocks-for-documents-articles-and-faqs/,5.5.8
Donation Block,https://ru.wordpress.org/plugins/donation-block/,5.9.0
th23 Social,https://ru.wordpress.org/plugins/th23-social/,5.4.9
GutenIpsum,https://ru.wordpress.org/plugins/gutenipsum/,5.2.14
Testimonial Blocks,https://ru.wordpress.org/plugins/testimonial-blocks/,5.2.14
Recipe Blocks,https://ru.wordpress.org/plugins/recipe-blocks/,5.1.0
Easy Blocks Ч Gutenberg Blocks Collection,https://ru.wordpress.org/plugins/easy-blocks/,5.1.12
Gutenberg Slider Blocks Ч Candy Slider,https://ru.wordpress.org/plugins/candy-slider/,5.4.9
Open Orphanage,https://ru.wordpress.org/plugins/open-orphanage/,5.2.14
Besan Block,https://ru.wordpress.org/plugins/besan-block/,5.9
accordion-block,https://ru.wordpress.org/plugins/accordion-block/,5.0.15
Testimonial Blocks,https://ru.wordpress.org/plugins/testimonial-blocks/,5.2.14
Recipe Blocks,https://ru.wordpress.org/plugins/recipe-blocks/,5.1.0
Easy Blocks Ч Gutenberg Blocks Collection,https://ru.wordpress.org/plugins/easy-blocks/,5.1.12
Gosign Ч Content Navigation Block,https://ru.wordpress.org/plugins/gosign-content-nav-block/,5.8.3
Master Blocks Ч Gutenberg Site Builder,https://ru.wordpress.org/plugins/master-blocks/,5.0.15
startpage,https://ru.wordpress.org/plugins/startpage/,5.1.12
Info Blocks for WooCommerce,https://ru.wordpress.org/plugins/info-blocks-for-woocommerce/,5.8.3
Double Image for Gutenberg,https://ru.wordpress.org/plugins/double-image/,5.0.15
Qroko Blocks,https://ru.wordpress.org/plugins/qroko-blocks/,5.7.5
WordPress HelpDesk & Support Ticket System Plugin Ч Octrace Support,https://ru.wordpress.org/plugins/octrace-support/,5.7.5
Melonpan Block Ч Code,https://ru.wordpress.org/plugins/melonpan-block-code/,5.6.7
Schedule Revisions,https://ru.wordpress.org/plugins/schedule-revisions/,5.4.9
Woocommerce Blocks Ч Woolook,https://ru.wordpress.org/plugins/woolook/,5.2.14
The Permalinks Cascade,https://ru.wordpress.org/plugins/the-permalinks-cascade/,5.9
Pricing Tables Block,https://ru.wordpress.org/plugins/pricing-tables-block/,5.1.12
WordPress Essential Blocks,https://ru.wordpress.org/plugins/wp-essential-blocks/,5.0.15
Custom Blocks Templates,https://ru.wordpress.org/plugins/custom-blocks-templates/,5.9
Booking System Calendar,https://ru.wordpress.org/plugins/kenzap-calendar/,5.8.3
Marcus Hiles Wistia Shortcodes,https://ru.wordpress.org/plugins/marcus-hiles-wistia-shortcodes/,5.0.15
Alert Box Ч Alert Box Block For Block Editor.,https://ru.wordpress.org/plugins/alert-box-block/,5.9
RSVPMaker for Toastmasters,https://ru.wordpress.org/plugins/rsvpmaker-for-toastmasters/,5.9
Info Blocks,https://ru.wordpress.org/plugins/info-blocks/,5.0.15
Social Media Block,https://ru.wordpress.org/plugins/social-media-block/,5.0.15
Gecko Grid Layout,https://ru.wordpress.org/plugins/gecko-grid-layout/,5.1.12
Video Popup Block,https://ru.wordpress.org/plugins/video-popup-block/,5.1.12
Average Travel Costs,https://ru.wordpress.org/plugins/average-travel-costs/,5.6.7
Video Popup Block,https://ru.wordpress.org/plugins/video-popup-block/,5.1.12
Posts List Block,https://ru.wordpress.org/plugins/posts-list-block/,5.2.14
Power Blocks Ч Powerful and Feature Rich Blocks for Gutenberg,https://ru.wordpress.org/plugins/power-blocks/,5.4.9
Chatterbox,https://ru.wordpress.org/plugins/chatterbox/,5.3.11
Simple Block Gallery,https://ru.wordpress.org/plugins/simple-block-gallery/,5.8.3
China Video Block,https://ru.wordpress.org/plugins/china-video-block/,5.8.0
WP Google Places Reviews,https://ru.wordpress.org/plugins/wp-google-places-reviews/,5.3.0
Syntax Highlighting Ч Honey Code,https://ru.wordpress.org/plugins/honey-code/,5.2.14
Blockbuddy,https://ru.wordpress.org/plugins/blockbuddy/,5.1.0
Easy Blocks pro,https://ru.wordpress.org/plugins/easy-blocks-pro/,5.8.3
Heading Block Font Color,https://ru.wordpress.org/plugins/heading-block-font-color/,5.0.15
Gecko Section,https://ru.wordpress.org/plugins/gecko-section/,5.0.15
Donation Block,https://ru.wordpress.org/plugins/donation-block/,5.9.0
th23 Social,https://ru.wordpress.org/plugins/th23-social/,5.4.9
GutenIpsum,https://ru.wordpress.org/plugins/gutenipsum/,5.2.14
"Blocks for Documents, Articles and FAQs",https://ru.wordpress.org/plugins/blocks-for-documents-articles-and-faqs/,5.5.8
Cart Products for WordPress,https://ru.wordpress.org/plugins/cart-products-for-woocommerce/,5.1.12
Boxer Block,https://ru.wordpress.org/plugins/boxer-block/,5.2.14
Blocks Post Grid,https://ru.wordpress.org/plugins/blocks-post-grid/,5.0.15
Gutenberg Slider Blocks Ч Candy Slider,https://ru.wordpress.org/plugins/candy-slider/,5.4.9
Open Orphanage,https://ru.wordpress.org/plugins/open-orphanage/,5.2.14
Besan Block,https://ru.wordpress.org/plugins/besan-block/,5.9
accordion-block,https://ru.wordpress.org/plugins/accordion-block/,5.0.15
Testimonial Blocks,https://ru.wordpress.org/plugins/testimonial-blocks/,5.2.14
Recipe Blocks,https://ru.wordpress.org/plugins/recipe-blocks/,5.1.0
Easy Blocks Ч Gutenberg Blocks Collection,https://ru.wordpress.org/plugins/easy-blocks/,5.1.12
Gosign Ч Content Navigation Block,https://ru.wordpress.org/plugins/gosign-content-nav-block/,5.8.3
Master Blocks Ч Gutenberg Site Builder,https://ru.wordpress.org/plugins/master-blocks/,5.0.15
Gutenberg Slider Blocks вАФ Candy Slider,https://ru.wordpress.org/plugins/candy-slider/,5.4.9
Open Orphanage,https://ru.wordpress.org/plugins/open-orphanage/,5.2.14
Besan Block,https://ru.wordpress.org/plugins/besan-block/,5.9
accordion-block,https://ru.wordpress.org/plugins/accordion-block/,5.0.15
Testimonial Blocks,https://ru.wordpress.org/plugins/testimonial-blocks/,5.2.14
Recipe Blocks,https://ru.wordpress.org/plugins/recipe-blocks/,5.1.0
Easy Blocks вАФ Gutenberg Blocks Collection,https://ru.wordpress.org/plugins/easy-blocks/,5.1.12
Gosign вАФ Content Navigation Block,https://ru.wordpress.org/plugins/gosign-content-nav-block/,5.8.3
Master Blocks вАФ Gutenberg Site Builder,https://ru.wordpress.org/plugins/master-blocks/,5.0.15
Voil√†!Collage,https://ru.wordpress.org/plugins/voilacollage/,5.4.9
Code Editor Blocks,https://ru.wordpress.org/plugins/code-editor-blocks/,5.0.15
Ever Blocks,https://ru.wordpress.org/plugins/ever-blocks/,5.7.5
Mobile blocks,https://ru.wordpress.org/plugins/mobile-blocks/,5.6.7
Canvas Portfolio,https://ru.wordpress.org/plugins/canvas-portfolio/,5.4.9
Awesome Alert Blocks,https://ru.wordpress.org/plugins/awesome-alert-blocks/,5.0.15
Catenis Blocks,https://ru.wordpress.org/plugins/catenis-blocks/,5.3.11
Advanced Archive Blocks,https://ru.wordpress.org/plugins/advanced-archive-blocks/,5.0.15
Web Recipe Clipper,https://ru.wordpress.org/plugins/web-recipe-clipper/,5.1.12
LezWatch.TV News and Information,https://ru.wordpress.org/plugins/lezwatchtv/,5.7.5
Unlimited Blocks,https://ru.wordpress.org/plugins/unlimited-blocks/,5.8.3
Social Gallery Block,https://ru.wordpress.org/plugins/social-gallery-block/,5.6.7
Code Editor Blocks,https://ru.wordpress.org/plugins/code-editor-blocks/,5.0.15
Ever Blocks,https://ru.wordpress.org/plugins/ever-blocks/,5.7.5
Mobile blocks,https://ru.wordpress.org/plugins/mobile-blocks/,5.6.7
Canvas Portfolio,https://ru.wordpress.org/plugins/canvas-portfolio/,5.4.9
Awesome Alert Blocks,https://ru.wordpress.org/plugins/awesome-alert-blocks/,5.0.15
Catenis Blocks,https://ru.wordpress.org/plugins/catenis-blocks/,5.3.11
Advanced Archive Blocks,https://ru.wordpress.org/plugins/advanced-archive-blocks/,5.0.15
Web Recipe Clipper,https://ru.wordpress.org/plugins/web-recipe-clipper/,5.1.12
LezWatch.TV News and Information,https://ru.wordpress.org/plugins/lezwatchtv/,5.7.5
Unlimited Blocks,https://ru.wordpress.org/plugins/unlimited-blocks/,5.8.3
affiliate-amazon-block(aab),https://ru.wordpress.org/plugins/affiliate-amazon-blockaab/,5.1.12
Awesome Slider Block,https://ru.wordpress.org/plugins/awesome-slider-block/,5.1.12
Anything Block,https://ru.wordpress.org/plugins/anything-block/,5.4.9
Random,https://ru.wordpress.org/plugins/random-block/,5.2.14
Draggable Images Block,https://ru.wordpress.org/plugins/draggable-images-block/,5.7.5
Yasothon,https://ru.wordpress.org/plugins/yasothon-blocks/,5.1.12
Progress Bar Block,https://ru.wordpress.org/plugins/progress-bar-block/,5.0.15
Popups by Embedery вАФ A Modern WordPress Popup Plugin,https://ru.wordpress.org/plugins/embedery-integrate/,5.3.11
Image Effects,https://ru.wordpress.org/plugins/image-effects/,5.7.0
DuoGeek вАФ Gutenberg Blocks,https://ru.wordpress.org/plugins/duogeek-blocks/,5.4.9
Taro iframe Block,https://ru.wordpress.org/plugins/taro-iframe-block/,5.7.5
Builder Blocks,https://ru.wordpress.org/plugins/builder-blocks/,5.0.15
User Blocks,https://ru.wordpress.org/plugins/user-blocks/,5.2.14
UniCard,https://ru.wordpress.org/plugins/unicard/,5.3.11
gitblock,https://ru.wordpress.org/plugins/gitblock/,5.5.8
Artoon Imagebox Block,https://ru.wordpress.org/plugins/artoon-imagebox-block/,5.2.14
mowomo Google Reviews,https://ru.wordpress.org/plugins/mowomo-google-reviews/,5.5.8
Team Members Blocks,https://ru.wordpress.org/plugins/team-members-blocks/,5.2.14
Advance Block Extend,https://ru.wordpress.org/plugins/advance-block-extend/,5.5.8
Payment Forms CustomBlock,https://ru.wordpress.org/plugins/payment-forms-customblock/,5.5.8
Melonpan Block вАФ Post List,https://ru.wordpress.org/plugins/melonpan-block-post-list/,5.6.7
